Industry,avg_rs_3m,avg_rs_6m,avg_daily_score,avg_weekly_score,avg_combined_score,stock_count,actionable_daily,actionable_weekly,strong_combined,rs_score,rs_rank,current_rank,prev_rank,prev_avg_combined_score,prev_rs_rank,prev_strong_combined,prev_actionable_daily,prev_actionable_weekly,rank_change,combined_score_change,strong_combined_change,actionable_daily_change,actionable_weekly_change,new_cluster
Marine Shipping,16.85857142857143,30.217142857142857,41.04714285714285,28.98857142857143,35.50714285714286,7,0,0,0,23.537857142857142,85.71428571428571,1,1,35.23428571428571,82.14285714285714,0,0,0,0,0.27,0,0,0,False
Healthcare,9.576250000000002,10.82,26.77375,45.80625,32.3125,8,0,2,0,10.198125000000001,55.35714285714286,2,2,33.94875,58.92857142857143,0,0,2,0,-1.64,0,0,0,False
Drug Manufacturers - Specialty & Generic,13.818958333333333,41.89270833333333,30.997083333333332,34.52854166666667,28.78333333333333,48,0,12,0,27.855833333333333,91.07142857142857,3,3,31.940416666666668,91.07142857142856,0,0,11,0,-3.16,0,0,1,False
Communication Services,15.172,17.386666666666667,24.88533333333333,38.22533333333333,26.503333333333334,15,1,2,0,16.279333333333334,71.42857142857143,4,8,24.761333333333333,66.07142857142857,0,1,2,4,1.74,0,0,0,False
Metal Fabrication,19.75692307692308,51.83692307692308,24.60846153846154,40.150769230769235,26.28846153846154,13,0,1,0,35.79692307692308,94.64285714285714,5,4,26.87769230769231,94.64285714285714,0,0,3,-1,-0.59,0,0,-2,False
Steel,14.346315789473683,31.437631578947364,28.11263157894737,32.85394736842105,25.718421052631577,38,0,7,0,22.891973684210523,82.14285714285714,6,5,25.92815789473684,85.71428571428571,0,0,7,-1,-0.21,0,0,0,False
Textile Manufacturing,7.403076923076923,33.04461538461538,26.327692307692306,22.638461538461538,24.52846153846154,13,0,1,0,20.223846153846154,78.57142857142857,7,7,25.00769230769231,78.57142857142857,0,0,1,0,-0.48,0,0,0,False
Capital Markets,-0.8,8.565999999999999,25.281,30.793,24.193,10,0,2,0,3.8829999999999996,28.57142857142857,8,12,23.2,25.0,0,0,2,4,0.99,0,0,0,False
Auto Parts,12.616200000000001,27.782400000000003,22.6112,34.8564,24.14,50,0,7,0,20.1993,76.78571428571429,9,9,23.85,76.78571428571429,0,0,5,0,0.29,0,0,2,False
Specialty Chemicals,8.071176470588235,30.330784313725488,25.76843137254902,31.84313725490196,23.993921568627453,51,0,2,0,19.20098039215686,75.0,10,13,22.802549019607845,75.0,0,0,2,3,1.19,0,0,0,False
Farm & Heavy Construction Machinery,5.17,11.12,21.133333333333336,40.11333333333334,23.89,6,0,2,0,8.145,48.214285714285715,11,14,22.74,48.21428571428572,0,0,2,3,1.15,0,0,0,False
Electronic Components,32.824285714285715,86.98142857142857,31.834285714285716,33.401428571428575,23.169999999999998,7,0,1,0,59.902857142857144,100.0,12,11,23.37857142857143,100.0,0,0,1,-1,-0.21,0,0,0,False
Diagnostics & Research,11.136666666666665,36.07833333333333,29.34166666666667,25.41333333333333,22.53,6,0,0,0,23.607499999999998,87.5,13,6,25.365,89.28571428571429,0,0,0,-7,-2.83,0,0,0,False
Tools & Accessories,8.82,13.034,20.54,33.206,22.106,5,0,1,0,10.927,57.14285714285714,14,18,21.056,55.35714285714286,0,0,1,4,1.05,0,0,0,False
Oil & Gas Refining & Marketing,10.881111111111112,23.955555555555556,17.65111111111111,31.505555555555556,21.995555555555555,9,0,0,0,17.418333333333333,73.21428571428571,15,17,21.135555555555555,69.64285714285714,0,0,0,2,0.86,0,0,0,False
Drug Manufacturers - General,8.474285714285713,22.93142857142857,23.70714285714286,32.722857142857144,21.625714285714285,7,0,0,0,15.702857142857141,69.64285714285714,16,10,23.53,73.21428571428571,0,0,0,-6,-1.9,0,0,0,False
Specialty Industrial Machinery,15.127499999999998,46.30111111111111,28.14361111111111,29.53083333333333,21.61138888888889,36,0,3,0,30.714305555555555,92.85714285714286,17,19,20.688888888888886,92.85714285714286,0,0,4,2,0.92,0,0,-1,False
Technology,14.561666666666667,77.09333333333333,25.21166666666667,28.145,21.385,6,0,0,0,45.8275,96.42857142857143,18,15,22.525,96.42857142857144,0,0,0,-3,-1.14,0,0,0,False
Electrical Equipment & Parts,11.849200000000002,41.8172,23.746,26.238400000000002,20.4272,25,0,1,0,26.8332,89.28571428571429,19,20,20.20307692307692,87.5,0,0,1,1,0.22,0,0,0,False
Lodging,5.680000000000001,13.118,17.453,31.959000000000003,20.378999999999998,10,0,1,0,9.399000000000001,53.57142857142857,20,26,18.178,39.285714285714285,0,0,1,6,2.2,0,0,0,False
Banks - Regional,5.9470967741935485,12.129032258064516,16.594516129032257,30.854193548387098,20.15290322580645,31,0,1,0,9.038064516129033,51.78571428571429,21,21,19.694193548387094,42.85714285714285,0,0,1,0,0.46,0,0,0,False
Biotechnology,3.65375,24.84625,21.36125,31.345,19.70625,8,0,0,0,14.25,64.28571428571429,22,16,21.2325,67.85714285714286,0,0,0,-6,-1.53,0,0,0,False
Industrials,1.2308695652173913,8.386956521739132,18.074782608695653,29.538695652173914,18.57086956521739,23,0,1,0,4.808913043478261,33.92857142857143,23,27,17.01739130434783,32.142857142857146,0,0,0,4,1.55,0,0,1,False
Aerospace & Defense,6.296666666666667,38.13166666666667,19.201666666666668,33.12416666666667,18.47,12,0,1,0,22.214166666666667,80.35714285714286,24,23,18.9025,80.35714285714286,0,0,1,-1,-0.43,0,0,0,False
Consumer Cyclical,7.4314634146341465,15.923170731707318,16.78219512195122,34.30853658536586,18.307560975609757,41,0,3,0,11.677317073170732,58.92857142857143,25,24,18.356585365853658,57.14285714285714,0,0,3,-1,-0.05,0,0,0,False
Financial Services,0.5053846153846155,4.372307692307691,13.850769230769231,26.076153846153847,16.494615384615386,13,0,2,0,2.4388461538461534,21.428571428571427,26,29,15.923846153846156,17.857142857142858,0,0,2,3,0.57,0,0,0,False
Luxury Goods,14.419,31.895,16.538,20.761000000000003,15.959,10,0,0,0,23.157,83.92857142857143,27,28,16.864,83.92857142857143,0,0,0,1,-0.91,0,0,0,False
Auto Manufacturers,11.559166666666668,17.805,10.515,29.849999999999998,15.604999999999999,12,0,1,0,14.682083333333335,67.85714285714286,28,30,15.484166666666669,60.71428571428571,0,0,1,2,0.12,0,0,0,False
Building Products & Equipment,-1.8300000000000003,2.284545454545454,12.378181818181817,27.775454545454544,15.44181818181818,11,0,1,0,0.22727272727272696,14.285714285714285,29,39,12.517272727272728,14.285714285714285,0,0,0,10,2.92,0,0,1,False
Energy,10.085555555555555,17.685555555555553,15.216666666666665,20.26222222222222,15.333333333333334,9,0,0,0,13.885555555555554,62.5,30,25,18.301111111111112,71.42857142857143,0,0,0,-5,-2.97,0,0,0,False
Packaged Foods,4.808333333333334,5.876666666666668,13.7025,26.538749999999997,15.034583333333332,24,0,1,0,5.342500000000001,35.714285714285715,31,33,14.674166666666666,37.5,0,0,2,2,0.36,0,0,-1,False
Communication Equipment,6.471666666666667,112.33,23.834999999999997,20.441666666666666,14.941666666666668,6,0,0,0,59.40083333333333,98.21428571428571,32,35,13.811666666666667,98.21428571428572,0,0,0,3,1.13,0,0,0,False
Real Estate,1.2214285714285715,14.245357142857143,13.202857142857143,29.744285714285716,14.578928571428571,28,1,1,1,7.733392857142857,42.857142857142854,33,34,14.2925,44.642857142857146,1,1,1,1,0.29,0,0,0,False
Real Estate Services,1.700000000000001,14.455,13.2,27.86,14.265,2,0,0,0,8.0775,46.42857142857143,34,31,14.91,53.57142857142857,0,0,0,-3,-0.64,0,0,0,False
Chemicals,6.533333333333334,22.637999999999998,14.828666666666667,22.326666666666668,14.153333333333334,15,0,1,0,14.585666666666667,66.07142857142857,35,32,14.688,62.5,0,0,2,-3,-0.53,0,0,-1,False
Basic Materials,3.1892857142857145,-0.47857142857142926,12.639285714285714,29.912142857142857,14.120000000000001,14,0,1,0,1.3553571428571427,16.071428571428573,36,42,11.792142857142858,16.071428571428573,0,0,1,6,2.33,0,0,0,False
Software - Application,1.211666666666667,25.662499999999998,17.018333333333334,23.603333333333335,13.555,12,0,1,0,13.437083333333332,60.71428571428571,37,38,12.965833333333334,64.28571428571429,0,0,1,1,0.59,0,0,0,False
Conglomerates,-0.2616666666666665,9.85277777777778,9.812777777777777,22.16888888888889,13.352777777777778,18,0,1,0,4.7955555555555565,32.142857142857146,38,37,13.120555555555557,30.35714285714285,0,0,1,-1,0.23,0,0,0,False
Consumer Defensive,-0.5900000000000001,3.487368421052632,13.630526315789474,22.227894736842103,12.872105263157895,19,0,0,0,1.448684210526316,17.857142857142858,39,36,13.193684210526316,23.214285714285715,0,0,1,-3,-0.32,0,0,-1,False
Credit Services,-0.38967741935483896,14.371290322580645,10.016451612903225,31.510322580645163,12.765483870967742,31,0,0,0,6.990806451612903,41.07142857142857,40,41,11.932903225806452,41.07142857142857,0,0,0,1,0.83,0,0,0,False
Apparel Manufacturing,-0.7510000000000001,3.713,10.156,28.169999999999998,12.449,10,0,0,0,1.4809999999999999,19.642857142857142,41,40,12.473,21.428571428571427,0,0,0,-1,-0.02,0,0,0,False
Medical Care Facilities,-0.2961538461538461,8.77,13.208461538461536,26.503846153846155,12.095384615384615,13,0,0,0,4.236923076923077,30.357142857142854,42,22,19.63230769230769,50.0,0,0,1,-20,-7.54,0,0,-1,False
Information Technology Services,10.553333333333333,2.1475,8.48,24.34875,11.504166666666668,24,0,1,0,6.350416666666666,39.285714285714285,43,47,10.111666666666666,35.714285714285715,0,0,1,4,1.39,0,0,0,False
Engineering & Construction,-3.1385714285714283,8.892285714285714,13.726571428571429,20.47542857142857,11.441714285714285,35,0,1,0,2.8768571428571432,23.214285714285715,44,44,10.472857142857142,19.642857142857142,0,0,1,0,0.97,0,0,0,False
Utilities,-2.2964285714285713,2.7392857142857148,7.017142857142858,18.16142857142857,10.590714285714286,14,0,1,0,0.22142857142857175,12.5,45,48,10.060714285714283,12.5,0,0,1,3,0.53,0,0,0,False
Utilities - Renewable,-2.9722222222222223,9.727777777777778,9.591111111111111,17.616666666666664,10.556666666666665,9,0,0,0,3.3777777777777778,25.0,46,45,10.36888888888889,26.785714285714285,0,0,0,-1,0.19,0,0,0,False
Asset Management,-0.06266666666666675,12.03,7.575333333333334,25.633333333333333,10.376666666666667,15,0,1,0,5.983666666666666,37.5,47,52,9.418666666666669,33.92857142857143,0,0,0,5,0.96,0,0,1,False
Software - Infrastructure,6.141666666666667,9.546666666666667,6.511666666666667,33.089999999999996,10.371666666666666,6,0,1,0,7.844166666666666,44.642857142857146,48,43,10.496666666666668,51.78571428571429,0,0,1,-5,-0.13,0,0,0,False
Telecom Services,-3.5471428571428567,-2.91,3.338571428571428,30.80857142857143,9.84,7,0,0,0,-3.2285714285714286,5.357142857142857,49,50,9.657142857142858,5.357142857142857,0,0,0,1,0.18,0,0,0,False
Mortgage Finance,-7.023000000000001,3.3869999999999996,8.695,27.988,9.790000000000001,10,0,1,0,-1.8180000000000005,8.928571428571429,50,49,9.855,8.928571428571429,0,0,0,-1,-0.06,0,0,1,False
Household & Personal Products,-1.2216666666666673,19.096666666666668,8.255833333333333,18.605,9.589166666666667,12,0,0,0,8.9375,50.0,51,51,9.624166666666666,46.42857142857143,0,0,0,0,-0.03,0,0,0,False
"Furnishings, Fixtures & Appliances",0.32882352941176424,6.802941176470589,5.764117647058824,22.929411764705883,7.9823529411764715,17,0,0,0,3.5658823529411765,26.785714285714285,52,46,10.128235294117648,28.57142857142857,0,0,0,-6,-2.15,0,0,0,False
Agricultural Inputs,-1.8635000000000002,-0.38900000000000007,7.3595,16.0005,7.2379999999999995,20,0,1,0,-1.1262500000000002,10.714285714285714,53,53,7.809,10.714285714285714,0,0,1,0,-0.57,0,0,0,False
Building Materials,-3.53625,-7.00625,2.9325,25.732499999999998,6.16375,16,0,0,0,-5.27125,3.571428571428571,54,54,5.248125,3.571428571428571,0,0,0,0,0.92,0,0,0,False
Insurance - Life,-2.785,-2.5637499999999998,1.12375,19.6875,3.94,8,0,0,0,-2.674375,7.142857142857142,55,55,4.61125,7.142857142857142,0,0,0,0,-0.67,0,0,0,False
Solar,-17.302,-6.32,0.0,18.52,0.758,5,0,0,0,-11.811,1.7857142857142856,56,56,0.758,1.7857142857142856,0,0,0,0,0.0,0,0,0,False
